{"cameraMode":{"drawMode":0,"name":"Shaded","section":"Shading Mode"},"sceneLighting":true,"audioPlay":false,"sceneViewState":{"m_AlwaysRefresh":false,"showFog":true,"showSkybox":true,"showFlares":true,"showImageEffects":true,"showParticleSystems":true,"showVisualEffectGraphs":true,"m_FxEnabled":true},"in2DMode":false,"pivot":{"x":-2.7899951934814455,"y":-17.961801528930665,"z":14.286219596862793},"rotation":{"x":-0.5016632080078125,"y":0.05752483755350113,"z":-0.033458057790994647,"w":-0.8624989986419678},"size":21.32431411743164,"orthographic":false}